title,url,thumbnail_url,channel,description
Kalki 2898 AD Trailer - Telugu | Prabhas | Amitabh Bachchan | Kamal Haasan | Deepika | Nag Ashwin,https://www.youtube.com/watch?v=y1-w1kUGuz8,https://i.ytimg.com/vi/y1-w1kUGuz8/hqdefault.jpg?sqp=-oaymwEcCPYBEIoBSFXyq4qpAw4IARUAAIhCGAFwAcABBg==&rs=AOn4CLDqZk1s03o9MZBu_X3XlaGQbJXZTQ,Vyjayanthi Network,Kalki 2898 AD Trailer - Telugu | Prabhas | Amitabh Bachchan | Kamal Haasan | Deepika | Nag Ashwin #Kalki2898AD #Prabhas #NagAshwin #Kalki2898ADonJune27 #AmitabhBachchan #KamalHaasan #DeepikaPaduk...
"Mirzapur Season 3 - Official Teaser | Pankaj Tripathi, Ali Fazal, Shweta Tripathi, Rasika Dugal",https://www.youtube.com/watch?v=gPLrIJgsJlw,https://i.ytimg.com/vi/gPLrIJgsJlw/hqdefault.jpg?sqp=-oaymwEcCPYBEIoBSFXyq4qpAw4IARUAAIhCGAFwAcABBg==&rs=AOn4CLDQ6jmvGab7Qx49V7-FRlAi5Jn6hA,Prime Video India,"Jungle mein bhaukaal machne wala hai!üî• #MirzapurOnPrime, July 5 About Prime Video: Prime Video is a premium streaming service that offers Prime members a collection of award-winning Amazon..."
I BECAME A BABY,https://www.youtube.com/watch?v=1XoA7o-k004,,Ujjwal,"I BECAME A BABY | WHO'S YOUR DADDY #funny #technogamerz Share, Support, Subscribe!!! Subscribe: http://bit.ly/ujjwalgamer Discord : https://bitly.com/ujjwaldiscord Youtube: https://www.youtube.com..."
"GULABI GAAL: Bindass Kavya, Pravisht Mishra | Saaj Bhatt, Aniket Shukla | New Hindi Song 2024",https://www.youtube.com/watch?v=6XVE0UlrqOE,,Voil√†! Digi,"Voila Digi Private Limited presents 'Gulabi Gaal', starring Bindass Kavya & Pravisht Mishra and sung by Saaj Bhatt. Hope you liked this super cute song. Make shorts and reels on the hook step..."
Shri Narendra Modi Oath Ceremony Live | Modi's Cabinet 2024 Oath Live | Modi 3.0,https://www.youtube.com/watch?v=avzufy3tPKw,,Narendra Modi,Shri Narendra Modi took oath as the Prime Minister of India for third consecutive time. The cabinet ministers also took oath at the swearing-in ceremony at the Rashtrapati Bhawan. President...
KILL - OFFICIAL TRAILER (HINDI - RED BAND) | Lakshya | Raghav | Tanya | Nikhil Nagesh Bhat | 5 July,https://www.youtube.com/watch?v=y2HZqeVeBNc,,Dharma Productions,Once upon a bloody time...üî™ This journey is one-way. Ready to board? WARNING - This film contains violent content which may be intense and disturbing for some viewers. Viewer discretion...
"Kota Factory: Season 3 | Official Trailer | Jitendra Kumar, Mayur More, Ranjan Raj, Alam Khan",https://www.youtube.com/watch?v=rJEB-0yCjKw,,Netflix India,"Jeetu Bhaiya and the students are back for their biggest exam yet. Kota Factory Season 3, arrives on 20 June, only on Netflix. Watch on Netflix: https://www.netflix.com/title/81648633 Follow..."
DU NEWZ | Comedy | Dreamz Unlimited,https://www.youtube.com/watch?v=u1bp9gIMP6g,,Dreamz Unlimited,"""Don't take life too seriously. Sometimes you just have to laugh at your problems knowing it's not the end of everything."" DE HEUS PIG FEEDS (NETHERLANDS) Now Avaiable in Nagaland De Heus..."
"Suttamla Soosi Full Video Song | Gangs of Godavari | VishwakSen, Neha Shetty | Yuvan Shankar Raja",https://www.youtube.com/watch?v=KPufjoSP3sw,,Aditya Music,"Dive into the romantic waters of Godavari with #SuttamlaSoosi Full Video Song from the movie #GangsofGodavari. Featuring Vishwak Sen and Neha Shetty, this enchanting track is beautifully composed..."
‡Æ®‡ØÄ‡ÆØ‡Ææ ‡Æ®‡Ææ‡Æ©‡Ææ‡Æµ‡Æø‡Æ≤‡Øç ‡Æâ‡Æ£‡Øç‡ÆÆ‡Øà‡ÆØ‡Æø‡Æ≤‡Øç ‡Æ®‡Æü‡Æ®‡Øç‡Æ§‡Æ§‡ØÅ ‡Æé‡Æ©‡Øç‡Æ©? | Neeya Naana Ghost Episode | Mr.GK,https://www.youtube.com/watch?v=LSSFDF-0k9s,,Mr. GK,7 days free trial - Try now: https://kukufm.page.link/XVeEECwnAWNqWN5o9 00:00 - Intro 01:48- Ad 02:47 - Show Experience 07:06 - Adrenaline Rush 08:58 - Glossolalia 10:03 - Ghost Detector...
